{
  "_meta": {
    "maxChars": {
      "welcome": 20,
      "readyToPlay": 20,
      "pressContinue": 50,
      "greatJob": 20,
      "onePlusOne": 30
    }
  },
  "en": {
	"play": "Jugar",
	"continue": "Continuar",

    "1Intro-a": "¡Hola! Mi nombre es Enki. ¡Bienvenido a la Agencia de Supervivencia!",
	"1Intro-b": "Aquí nos encargamos de ayudar a recordar sus respectivos rasgos de adaptación a las criaturas olvidadizas... ¡Hay más de las que crees!",
    "1Intro-c": "La adaptación es la forma que tienen los seres vivos de ajustarse a nuevos medioambientes o a cambios en el mismo.",
    "1Intro-d": "Los rasgos de cada ser vivo que ayudan a una exitosa supervivencia y reproducción ante adversidades en el medioambiente se vuelven más comunes y serán pasados a la descendencia de la especie...",
    "1Intro-e": "Los rasgos que no tengan ese éxito, se volverán menos comunes y no estarán presentes en las próximas generaciones.",
	"1Intro-f": "Así es como funciona la selección natural, que lleva a la predominancia de ciertos rasgos en la población, y a la supresión de otros.",
	"1Intro-g": "Oh! Ahí viene el primer cliente del día... parece que es un oso.",

	"1Bear-a": "El invierno se acerca, y los osos necesitan hibernar.",
	"1Bear-b": "Vamos a planchar unas pijamas y entregárselas bien calentitas para ayudarlos a entrar en ese sueño profundo.",
	"1Bear-c": "Pero antes debo indicarte dónde es la zona de entrega.",
	"1Bear-d": "¿Ves ese mantel amarillo sobre el mostrador? Allí deberás entregar los paquetes para cada cliente.",
	"1Bear-e": "Ahora si, dirijámonos hacia la plancha.",

	"1BearMG-a": "Recoge la plancha y pásala por encima de las arrugas para quitarlas. Cuando termines, lleva el paquete a la zona de entrega.",

	"1Bird-a": "Bien hecho! Pero no hay tiempo para descansar, el segundo cliente ya está esperando!",
	"1Bird-b": "Cada cliente esperará solo un tiempo por nuestra ayuda. Si el tiempo se acaba, el cliente se marchará.",
	"1Bird-c": "Si atiendes rápido a un cliente, te dejará una generosa propina, pero si tardas demasiado se enojará un poco, y la propina no será tan buena.",
	"1Bird-d": "Pero no hacemos esto por el dinero. ¡Hay algo mucho más importante en juego!",
	"1Bird-e": "Cuando un cliente se marcha, significa que el rasgo de adaptación no ha funcionado, afectando a la supervivencia de la especie.",
	"1Bird-f": "Esto hará descender el índice de éxito del rasgo, y mientras más bajo sea este índice, menos clientes de este tipo vendrán a la agencia.",
	"1Bird-g": "Si el índice llega a cero, la especie podría estar en peligro de extinción...",
	"1Bird-h": "No queremos que eso pase! Por lo tanto, deberíamos darle prioridad a los clientes con un índice de éxito bajo.",
	"1Bird-i": "Ahora veamos quien es el cliente... es un pájaro!",
	"1Bird-j": "Algunos pájaros migran según la estación, buscando hábitats mejores para ellos.",
	"1Bird-k": "Preparemos una valija para su viaje.",

	"1BirdMG-a": "Ordena el equipaje con todo lo necesario para unas buenas vacaciones! Cuando termines, lleva el paquete a la zona de entrega.",

	"1Init-a": "¡Ya lo tienes! Atendamos al resto de los clientes de la mejor manera posible.",

	"1Finish-a": "Uff! Esos fueron muchos clientes... lo haz hecho muy bien!",
	"1Finish-b": "Los clientes que atendimos hoy comparten el mismo tipo de adaptación, la 'adaptación conductual'.",
	"1Finish-c": "La adaptación es conductual cuando involucra al comportamiento del ser vivo. Es decir que realiza o deja de realizar ciertas acciones para su conveniencia, como migrar o hibernar.",
	"1Finish-d": "Pero no solo los animales tienen este tipo de adaptación...",
	"1Finish-e": "Algunas plantas pueden por ejemplo, almacenar alimento en bulbos, esto es una adaptación conductual.",
	"1Finish-f": "Bien, creo que hemos terminado aquí. Nos necesitan en otro lugar... Vamos!",

	

	"2Intro-a": "¡Bienvenido a la estación flotante de la agencia de supervivencia! Aquí nos encargamos de ayudar a los animales acuáticos.",
	"2Intro-b": "Hasta ahora hemos visto solo un tipo de adaptación, la 'adaptación conductual'. Pero existen otros dos tipos...",
    "2Intro-c": "Aquí podremos ver la 'adaptación fisiológica'",
    "2Intro-d": "La adaptación es fisiológica cuando involucra procesos internos en el organismo del ser vivo.",
    "2Intro-e": "Aquí viene nuestro primer cliente, parece que es una anguila eléctrica.",

	"2Eel-a": "Las anguilas pueden producir choques eléctricos para defenderse, gracias a un proceso interno de su organismo.",
	"2Eel-b": "Tratemos de conectar correctamente una batería eléctrica y entreguémosela.",

	"2EelMG-a": "Une los cables del mismo color para terminar de armar la batería, luego lleva el paquete a la zona de entrega.",

	"2Octopus-a": "¡Buen trabajo! Y aquí viene el próximo... ¡Un pulpo!",
	"2Octopus-b": "Debido a un proceso interno en su organismo, los pulpos puede producir tinta y largarlas en forma de chorro para defenderse y huir de depredadores.",
	"2Octopus-c": "Tomemos el tintero y completemos un laberinto para nuestro amigo.",

	"2OctopusMG-a": "¡Completa el laberinto para que la tinta impacte en el depredador! Cuando acabes deja el paquete en la zona de entrega.",

	"2Init-a": "¡Muy bien! Sigamos atendiendo a nuestros clientes.",

	"2Finish-a": "¡Excelente! Lo haz hecho muy bien. Estamos listos para ir al siguiente destino.",



	"3Intro-a": "¡Llegamos a tierra! Esta es la sucursal costera de la agencia de supervivencia. Aquí podemos atender tanto a animales terrestres como acuáticos.",
	"3Intro-b": "Estamos listo para ver el último tipo de adaptación, la 'adaptación estructural'.",
    "3Intro-c": "La adapatación es estructural cuando involucra rásgos físicos propios de la especie, como bránqueas en los peces o huesos huecos en las aves.",
    "3Intro-d": "Estos rasgos no estuvieron siempre presentes en estos animales, se fueron desarrollando de acuerdo a sus necesidades.",
    "3Intro-e": "Veamos que clientes nos visitarán hoy... Oh! Ha llegado un pez globo.",

	"3Blowfish-a": "Los peces globo pueden aumentar su tamaño repentinamente, como inflándose, permitiendo así ahuyentar posibles depredadores.",
	"3Blowfish-b": "Inflemos un globo para este pequeño cliente y lo ayudemos a aumentar su tamaño.",

	"3BlowfishMG-a": "Infla el globo presionando el inflador varias veces hasta llegar al tamaño deseado. Cuando termines lleva el paquete a la zona de entrega.",

	"3Chameleon-a": "¡Lo hiciste bien! El siguiente cliente es un camaleón.",
	"3Chameleon-b": "Los camaleones pueden cambiar de color para camuflarse con sus alrededores. Veamos en su tarjeta que color es el que necesita...",
	"3Chameleon-c": "En este caso es rojo, pero no todos querrán el mismo color.",
	"3Chameleon-d": "¡Busquemos la pintura que necesita!",

	"3Chameleon-mn": "Elimina todos los tarros de pintura que no sean el del color correspondiente. Cuando quede solo el que necesitamos, llévalo a la zona de entrega.",

	"3Init-a": "¡Perfecto! Aqui vienen más clientes, a trabajar!",

	"3Finish-a": "¡Otro día superado! Y aún nos quedan cosas por aprender.",
	"3Finish-b": "Sabías que la plantas también tienen adaptaciones estructurales? Algunas de ellas producen xilema.",
	"3Finish-c": "El xilema es un tejido vegetal que sirve para transportar agua y minerales de una parte de la planta hacia otras.",
	"3Finish-d": "Gracias por tu ayuda, hemos aprendido mucho y ayudado a muchos animales... Pero aún necesito de tu asistencia en un último lugar",
	"3Finish-e": "¡Acompáñame!",

	"4Intro-a": "Bien, aquí estamos. Este es el mas grande desafío...",
	"4Intro-b": "Este lugar está repleto de animales con problemas de memoria. ¡Todas las especies que conocimos hasta ahora!",
	"4Intro-c": "Esto no va a ser nada fácil, espero que podamos con todos... ¿Estás listo?",
	"4Intro-d": "¡Ya están llegando!",

	"4Finish-a": "¡Wow! ¡No puedo creer que lo hayamos logrado!",
	"4Finish-b": "No habría podido sin tu ayuda. ¡Muchas gracias de verdad!",
	"4Finish-c": "Los animales parecen haber recordado con éxito sus técnicas de adaptación, ahora están a salvo... ¡Y es gracias a ti!"
  },
  "es": {
    "play": "Jugar",
	"continue": "Continuar",



    "1Intro-a": "¡Hola! Mi nombre es Enki. ¡Bienvenido a la Agencia de Supervivencia!",
	"1Intro-b": "Aquí nos encargamos de ayudar a recordar sus respectivos rasgos de adaptación a las criaturas olvidadizas... ¡Hay más de las que crees!",
    "1Intro-c": "La adaptación es la forma que tienen los seres vivos de ajustarse a nuevos medioambientes o a cambios en el mismo.",
    "1Intro-d": "Los rasgos de cada ser vivo que ayudan a una exitosa supervivencia y reproducción ante adversidades en el medioambiente se vuelven más comunes y serán pasados a la descendencia de la especie...",
    "1Intro-e": "Los rasgos que no tengan ese éxito, se volverán menos comunes y no estarán presentes en las próximas generaciones.",
	"1Intro-f": "Así es como funciona la selección natural, que lleva a la predominancia de ciertos rasgos en la población, y a la supresión de otros.",
	"1Intro-g": "Oh! Ahí viene el primer cliente del día... parece que es un oso.",

	"1Bear-a": "El invierno se acerca, y los osos necesitan hibernar.",
	"1Bear-b": "Vamos a planchar unas pijamas y entregárselas bien calentitas para ayudarlos a entrar en ese sueño profundo.",
	"1Bear-c": "Pero antes debo indicarte dónde es la zona de entrega.",
	"1Bear-d": "¿Ves ese mantel amarillo sobre el mostrador? Allí deberás entregar los paquetes para cada cliente.",
	"1Bear-e": "Ahora si, dirijámonos hacia la plancha.",

	"1BearMG-a": "Recoge la plancha y pásala por encima de las arrugas para quitarlas. Cuando termines, lleva el paquete a la zona de entrega.",

	"1Bird-a": "Bien hecho! Pero no hay tiempo para descansar, el segundo cliente ya está esperando!",
	"1Bird-b": "Cada cliente esperará solo un tiempo por nuestra ayuda. Si el tiempo se acaba, el cliente se marchará.",
	"1Bird-c": "Si atiendes rápido a un cliente, te dejará una generosa propina, pero si tardas demasiado se enojará un poco, y la propina no será tan buena.",
	"1Bird-d": "Pero no hacemos esto por el dinero. ¡Hay algo mucho más importante en juego!",
	"1Bird-e": "Cuando un cliente se marcha, significa que el rasgo de adaptación no ha funcionado, afectando a la supervivencia de la especie.",
	"1Bird-f": "Esto hará descender el índice de éxito del rasgo, y mientras más bajo sea este índice, menos clientes de este tipo vendrán a la agencia.",
	"1Bird-g": "Si el índice llega a cero, la especie podría estar en peligro de extinción...",
	"1Bird-h": "No queremos que eso pase! Por lo tanto, deberíamos darle prioridad a los clientes con un índice de éxito bajo.",
	"1Bird-i": "Ahora veamos quien es el cliente... es un pájaro!",
	"1Bird-j": "Algunos pájaros migran según la estación, buscando hábitats mejores para ellos.",
	"1Bird-k": "Preparemos una valija para su viaje.",

	"1BirdMG-a": "Ordena el equipaje con todo lo necesario para unas buenas vacaciones! Cuando termines, lleva el paquete a la zona de entrega.",

	"1Init-a": "¡Ya lo tienes! Atendamos al resto de los clientes de la mejor manera posible.",

	"1Finish-a": "Uff! Esos fueron muchos clientes... lo haz hecho muy bien!",
	"1Finish-b": "Los clientes que atendimos hoy comparten el mismo tipo de adaptación, la 'adaptación conductual'.",
	"1Finish-c": "La adaptación es conductual cuando involucra al comportamiento del ser vivo. Es decir que realiza o deja de realizar ciertas acciones para su conveniencia, como migrar o hibernar.",
	"1Finish-d": "Pero no solo los animales tienen este tipo de adaptación...",
	"1Finish-e": "Algunas plantas pueden por ejemplo, almacenar alimento en bulbos, esto es una adaptación conductual.",
	"1Finish-f": "Bien, creo que hemos terminado aquí. Nos necesitan en otro lugar... Vamos!",

	

	"2Intro-a": "¡Bienvenido a la estación flotante de la agencia de supervivencia! Aquí nos encargamos de ayudar a los animales acuáticos.",
	"2Intro-b": "Hasta ahora hemos visto solo un tipo de adaptación, la 'adaptación conductual'. Pero existen otros dos tipos...",
    "2Intro-c": "Aquí podremos ver la 'adaptación fisiológica'",
    "2Intro-d": "La adaptación es fisiológica cuando involucra procesos internos en el organismo del ser vivo.",
    "2Intro-e": "Aquí viene nuestro primer cliente, parece que es una anguila eléctrica.",

	"2Eel-a": "Las anguilas pueden producir choques eléctricos para defenderse, gracias a un proceso interno de su organismo.",
	"2Eel-b": "Tratemos de conectar correctamente una batería eléctrica y entreguémosela.",

	"2EelMG-a": "Une los cables del mismo color para terminar de armar la batería, luego lleva el paquete a la zona de entrega.",

	"2Octopus-a": "¡Buen trabajo! Y aquí viene el próximo... ¡Un pulpo!",
	"2Octopus-b": "Debido a un proceso interno en su organismo, los pulpos puede producir tinta y largarlas en forma de chorro para defenderse y huir de depredadores.",
	"2Octopus-c": "Tomemos el tintero y completemos un laberinto para nuestro amigo.",

	"2OctopusMG-a": "¡Completa el laberinto para que la tinta impacte en el depredador! Cuando acabes deja el paquete en la zona de entrega.",

	"2Init-a": "¡Muy bien! Sigamos atendiendo a nuestros clientes.",

	"2Finish-a": "¡Excelente! Lo haz hecho muy bien. Estamos listos para ir al siguiente destino.",



	"3Intro-a": "¡Llegamos a tierra! Esta es la sucursal costera de la agencia de supervivencia. Aquí podemos atender tanto a animales terrestres como acuáticos.",
	"3Intro-b": "Estamos listo para ver el último tipo de adaptación, la 'adaptación estructural'.",
    "3Intro-c": "La adapatación es estructural cuando involucra rásgos físicos propios de la especie, como bránqueas en los peces o huesos huecos en las aves.",
    "3Intro-d": "Estos rasgos no estuvieron siempre presentes en estos animales, se fueron desarrollando de acuerdo a sus necesidades.",
    "3Intro-e": "Veamos que clientes nos visitarán hoy... Oh! Ha llegado un pez globo.",

	"3Blowfish-a": "Los peces globo pueden aumentar su tamaño repentinamente, como inflándose, permitiendo así ahuyentar posibles depredadores.",
	"3Blowfish-b": "Inflemos un globo para este pequeño cliente y lo ayudemos a aumentar su tamaño.",

	"3BlowfishMG-a": "Infla el globo presionando el inflador varias veces hasta llegar al tamaño deseado. Cuando termines lleva el paquete a la zona de entrega.",

	"3Chameleon-a": "¡Lo hiciste bien! El siguiente cliente es un camaleón.",
	"3Chameleon-b": "Los camaleones pueden cambiar de color para camuflarse con sus alrededores. Veamos en su tarjeta que color es el que necesita...",
	"3Chameleon-c": "En este caso es rojo, pero no todos querrán el mismo color.",
	"3Chameleon-d": "¡Busquemos la pintura que necesita!",

	"3Chameleon-mn": "Elimina todos los tarros de pintura que no sean el del color correspondiente. Cuando quede solo el que necesitamos, llévalo a la zona de entrega.",

	"3Init-a": "¡Perfecto! Aqui vienen más clientes, a trabajar!",

	"3Finish-a": "¡Otro día superado! Y aún nos quedan cosas por aprender.",
	"3Finish-b": "Sabías que la plantas también tienen adaptaciones estructurales? Algunas de ellas producen xilema.",
	"3Finish-c": "El xilema es un tejido vegetal que sirve para transportar agua y minerales de una parte de la planta hacia otras.",
	"3Finish-d": "Gracias por tu ayuda, hemos aprendido mucho y ayudado a muchos animales... Pero aún necesito de tu asistencia en un último lugar",
	"3Finish-e": "¡Acompáñame!",

	"4Intro-a": "Bien, aquí estamos. Este es el mas grande desafío...",
	"4Intro-b": "Este lugar está repleto de animales con problemas de memoria. ¡Todas las especies que conocimos hasta ahora!",
	"4Intro-c": "Esto no va a ser nada fácil, espero que podamos con todos... ¿Estás listo?",
	"4Intro-d": "¡Ya están llegando!",

	"4Finish-a": "¡Wow! ¡No puedo creer que lo hayamos logrado!",
	"4Finish-b": "No habría podido sin tu ayuda. ¡Muchas gracias de verdad!",
	"4Finish-c": "Los animales parecen haber recordado con éxito sus técnicas de adaptación, ahora están a salvo... ¡Y es gracias a ti!"
  },
  "zh": {
    "welcome": "欢迎！",
    "readyToPlay": "你准备好玩吗",
    "greatJob": "做得好！",
    "pressContinue": "按“下一步”按钮继续。",
    "onePlusOne": "一+一=二"
  },
  "jp": {
    "welcome": "ようこそ!",
    "readyToPlay": "あなたは遊ぶ準備ができていますか？",
    "greatJob": "よくやった！",
    "pressContinue": "続行するには '次へ'ボタンを押してください。",
    "onePlusOne": "1 + 1 = 2"
  },
  "ru": {
    "welcome": "Добро пожаловать!",
    "readyToPlay": "Вы готовы играть?",
    "greatJob": "Отличная работа!",
    "pressContinue": "Нажмите следующую кнопку, чтобы продолжить.",
    "onePlusOne": "один + один"
  }
}
